1,Callie,Cosby
2,Lakesha,Le
3,Pamella,Poarch
4,Cherly,Cottman
5,Mozella,Morning
6,Estell,Eubank
7,Rosanna,Ryberg
8,Mee,Mathison
9,Troy,Turpen
10,Randal,Rendon
11,Melia,Moran
12,Stefani,Sleeman
13,Altha,Arvizo
14,Golda,Gavin
15,Natacha,Norden
16,Freeman,Field
17,Olen,Orris
18,Rosy,Rakestraw
19,Winona,Waddell
20,Jerica,Jordahl
21,Daniell,Donelan
22,Tina,Topp
23,Nidia,Neeley
24,Jamila,Justis
25,Gianna,Gaiter
26,Joan,Jepsen
27,Jessia,Jesus
28,Venessa,Vetter
29,Valery,Valentine
30,Neda,Newlon
31,Carola,Conners
32,Loree,Lindquist
33,Jackson,Jamieson
34,Julietta,Jordon
35,Bea,Blackshire
36,Joycelyn,Jump
37,Benita,Barga
38,Ayana,Alsobrook
39,Lorina,Lanham
40,Quinton,Quesnel
41,Lovella,Lewellen
42,Britni,Bewley
43,Dorthey,Drone
44,Deandrea,Demeo
45,Catherine,Croghan
46,Esteban,Ewan
47,Deangelo,Douglas
48,Edith,Eberhardt
49,Ana,Accardo
50,Craig,Carabello
